event_date,event_name,dates,num_flooded,days_away_from_event,max_days_away,num_dates,AWDR-18,AWDR-19,AWDR-3,AWND-18,AWND-19,AWND-20,AWND-3,WDF2-19,WDF2-20,WGF6-18,WSF2-19,WSF2-20,gw_av-10,gw_av-11,gw_av-4,gw_av-5,gw_av-6,gw_av-8,gw_av-9,hht-17,hht-18,ht-17,ht-18,llt-17,llt-18,lt-17,lt-18,r15-11_td-17,r15-11_td-18,r15-12_td-17,r15-12_td-18,r15-13_td-17,r15-13_td-18,r15-14_td-17,r15-14_td-18,r15-15_td-17,r15-15_td-18,r15-16_td-17,r15-16_td-18,r15-1_td-17,r15-1_td-18,r15-21_td-17,r15-21_td-18,r15-2_td-17,r15-2_td-18,r15-7_td-17,r15-7_td-18,r15mx-1,r15mx-11,r15mx-12,r15mx-13,r15mx-14,r15mx-15,r15mx-16,r15mx-2,r15mx-21,r15mx-7,r3d-1,r3d-11,r3d-12,r3d-13,r3d-14,r3d-15,r3d-16,r3d-19,r3d-2,r3d-20,r3d-21,r3d-7,rd-1,rd-11,rd-12,rd-13,rd-14,rd-15,rd-16,rd-19,rd-2,rd-20,rd-21,rd-7,rhr-11_td-17,rhr-11_td-18,rhr-12_td-17,rhr-12_td-18,rhr-13_td-17,rhr-13_td-18,rhr-14_td-17,rhr-14_td-18,rhr-15_td-17,rhr-15_td-18,rhr-16_td-17,rhr-16_td-18,rhr-1_td-17,rhr-1_td-18,rhr-21_td-17,rhr-21_td-18,rhr-2_td-17,rhr-2_td-18,rhr-7_td-17,rhr-7_td-18,rhrmx-1,rhrmx-11,rhrmx-12,rhrmx-13,rhrmx-14,rhrmx-15,rhrmx-16,rhrmx-2,rhrmx-21,rhrmx-7,td_av-17,td_av-18
2010-09-30,Nicole-2010-09-30,"['2010-09-30T00:00:00.000000000' '2010-10-01T00:00:00.000000000'
 '2010-10-04T00:00:00.000000000']",101.0,[0. 1. 4.],4.0,3.0,,291.6666666666667,,,11.6,12.6,,83.33333333333333,160.0,,27.266666666666666,24.666666666666668,1.3867634259259258,3.957449999999994,1.1682750000000006,4.149925462962973,11.109546759259265,4.952596759259244,3.6603356481481355,3.419,3.816,3.002,3.419,0.5710000000000001,0.495,1.2009999999999998,1.171,-0.254,-0.4026666666666667,1.156,1.4336666666666666,1.8045,1.8735,1.491666666666667,1.6096666666666666,0.6609999999999999,0.779,1.156,1.4336666666666666,,,1.0313333333333334,1.0596666666666668,,,1.8045,1.8735,,0.61,0.63,0.69,0.52,0.57,0.6,,0.55,0.67,0.0,4.88,3.4200000000000013,3.4099999999999997,2.9800000000000004,2.979999999999998,3.0599999999999987,3.55,0.0,4.09,3.31,3.4999999999999987,0.0,9.619999999999996,11.54999999999999,11.739999999999991,7.629999999999999,6.079999999999999,8.149999999999991,8.2,0.0,9.33,9.209999999999997,11.279999999999998,-0.254,-0.4026666666666667,1.0695,1.26,1.0695,1.26,1.6375000000000002,1.629,1.2613333333333334,1.0753333333333333,1.0313333333333334,1.0596666666666668,,,0.9385,0.927,,,0.5656666666666667,0.7020000000000001,,1.2899999999999991,1.59,1.4,1.1699999999999988,0.8999999999999998,1.3099999999999998,,1.489999999999999,1.429999999999998,1.3839902777777777,1.5219583333333329
2010-12-16,Snow-2010-12-16,['2010-12-16T00:00:00.000000000'],2.0,[0.],0.0,1.0,,213.0,,,2.9,2.5,,210.0,200.0,,17.0,13.0,1.1199555555555545,1.6127430555555669,-1.3711930555555536,3.217331944444445,6.399009722222245,3.3924222222222484,1.0880124999999974,0.823,0.899,0.5479999999999999,0.774,-1.148,-1.2990000000000002,-1.053,-1.207,,,0.5395,0.6844999999999999,0.12833333333333333,0.083,0.013,-0.004999999999999999,0.12833333333333333,0.083,0.4545,0.584,,,-0.9135,-1.063,,,-0.5893333333333333,-0.6759999999999999,,0.0,0.03,0.02,0.04,0.02,0.08,,0.02,0.03,0.0,0.009999999999999842,-8.881784197001252e-16,0.01999999999999996,0.08000000000000024,0.009999999999999952,0.009999999999999398,0.109999999999998,0.0,0.0800000000000003,0.009999999999997566,0.11999999999999733,0.0,0.0,0.30000000000000004,0.21000000000000005,0.4500000000000001,0.2900000000000001,0.19000000000000006,0.42,0.0,0.35,0.09999999999999998,0.4200000000000001,,,0.5423333333333333,0.7316666666666666,0.317,0.26133333333333336,0.2365,0.16899999999999998,0.5423333333333333,0.7316666666666666,0.5395,0.6844999999999999,,,-1.0465,-1.163,,,-0.3215,-0.3675,,-5.065392549852278e-16,0.06999999999999955,0.05000000000000045,0.11999999999999875,0.05999999999999979,0.11999999999999986,,0.029999999999999145,0.10999999999999777,-0.20850416666666668,-0.195775
2011-08-27,Irene-2011-08-27,"['2011-08-24T00:00:00.000000000' '2011-08-27T00:00:00.000000000'
 '2011-08-28T00:00:00.000000000' '2011-08-29T00:00:00.000000000']",110.0,[-3.  0.  1.  2.],2.0,4.0,133.6113717162756,133.0,,8.564102970027188,13.975000000000001,14.725000000000001,,130.0,187.5,13.953946770231981,27.475,26.775,0.9196479166666722,2.1920291666666722,0.31828020833333265,0.13996805555556557,6.997589583333321,4.620611111111111,1.1502135416666657,4.726000000000001,5.209999999999999,2.073,2.402,-0.5579999999999999,-0.8270000000000001,2.5980000000000003,2.799,2.873,3.4643333333333337,2.9296666666666664,3.499333333333333,2.9000000000000004,3.512,2.9000000000000004,3.512,2.977,3.5323333333333338,2.873,3.4643333333333337,,,2.9000000000000004,3.512,,,2.9296666666666664,3.499333333333333,,0.32,0.33,0.42,0.38,0.31,0.37,,0.35,0.32,0.0,0.009999999999999629,0.6599999999999987,0.07000000000000006,0.3500000000000001,0.1899999999999993,0.7499999999999991,0.3499999999999988,0.0,0.1100000000000004,0.3999999999999989,0.18999999999999787,0.0,7.029999999999999,8.37,7.619999999999998,6.779999999999998,7.1999999999999975,8.269999999999996,8.1,0.0,6.32,8.419999999999998,7.419999999999996,2.897,3.290666666666666,2.873,3.4643333333333337,2.925,3.384,2.925,3.384,2.9000000000000004,3.512,2.873,3.4643333333333337,,,2.925,3.384,,,2.873,3.4643333333333337,,1.09,1.2199999999999995,1.1200000000000008,0.9299999999999982,1.02,1.2999999999999998,,1.099999999999999,1.0299999999999978,1.0458135416666667,1.1456916666666666
2012-10-28,Sandy-2012-10-28,"['2012-10-27T00:00:00.000000000' '2012-10-28T00:00:00.000000000'
 '2012-10-29T00:00:00.000000000']",105.0,[-1.  0.  1.],1.0,3.0,110.7301245210728,123.0,107.62850000000007,11.923954022988516,23.8,24.0,16.168342592592612,20.0,16.666666666666668,20.061461206896553,37.63333333333333,39.0,1.2509879629629632,2.3060120370370467,0.8136189814814795,3.527699035332393,7.124295370370379,4.187477777777766,1.7793615740740716,5.44,5.7120000000000015,5.049,5.407,1.594,1.568,3.287,3.281,3.2106666666666666,3.1506666666666665,5.021,5.364,5.021,5.364,4.1513333333333335,4.834666666666666,4.942,5.396000000000001,4.565666666666666,5.206666666666667,,,5.0685,5.3439999999999985,,,4.6165,4.8045,,0.12,0.21,0.14,0.13,0.15,0.12,,0.16,0.09,0.0,0.4399999999999994,0.4499999999999982,0.32999999999999985,0.16000000000000109,0.2900000000000002,0.2900000000000005,0.14999999999999922,0.0,0.25000000000000033,0.51,0.5399999999999985,0.0,5.909999999999998,6.469999999999997,6.429999999999996,5.249999999999998,7.419999999999995,6.339999999999996,5.91,0.0,5.109999999999999,6.889999999999994,1.9400000000000008,3.5255,4.152000000000001,4.7525,5.417000000000002,3.7256666666666662,4.397333333333333,3.7256666666666662,4.397333333333333,3.9355,4.631,4.1513333333333335,4.834666666666666,,,3.7256666666666662,4.397333333333333,,,4.634666666666666,4.857666666666667,,0.3899999999999987,0.5799999999999988,0.4000000000000004,0.3799999999999977,0.5199999999999995,0.4299999999999994,,0.4799999999999997,0.2299999999999981,2.702656944444444,2.796030555555556
2013-10-09,Heavy Rain-2013-10-09,"['2013-10-08T00:00:00.000000000' '2013-10-09T00:00:00.000000000'
 '2013-10-10T00:00:00.000000000']",36.0,[-1.  0.  1.],1.0,3.0,41.512499999999996,25.666666666666668,52.95628240740741,8.76940277777778,20.8,21.566666666666663,12.863050925925931,36.666666666666664,26.666666666666668,15.31506944444444,32.0,33.1,0.8662138888888933,2.1362972222222245,-0.11041111111111095,2.4338578703703546,6.00763657407407,3.04125,0.6180115740740731,4.0455000000000005,4.3795,3.3675,3.6175,1.155,1.014,2.106,2.06,4.109666666666667,4.376666666666666,3.8895,4.2174999999999985,3.8895,4.2174999999999985,3.599,3.9945,2.254,2.1983333333333337,3.9446666666666665,4.117666666666667,,,3.8895,4.2174999999999985,,,4.103,4.342,,0.24,0.18,0.19,1.35,0.4,0.22,,0.2,0.22,0.0,0.4699999999999983,0.5299999999999986,0.8400000000000001,0.5900000000000019,2.2600000000000007,1.6800000000000008,0.7000000000000008,0.0,0.6400000000000001,0.6900000000000011,0.8399999999999984,0.0,4.530000000000001,4.1899999999999995,3.7700000000000005,8.009999999999998,4.789999999999998,3.6900000000000004,2.98,0.0,3.5999999999999996,4.05,4.45,3.7645,4.124,3.7313333333333336,4.082666666666666,3.8895,4.2174999999999985,3.3595,3.6845,3.893333333333333,4.060666666666666,3.9446666666666665,4.117666666666667,,,3.893333333333333,4.060666666666666,,,3.7313333333333336,4.082666666666666,,0.48999999999999894,0.4499999999999981,0.4700000000000005,3.0699999999999976,0.5599999999999987,0.39999999999999936,,0.4599999999999994,0.4999999999999983,2.2124986111111116,2.2772305555555548
2014-05-16,Heavy Rain-2014-05-16,['2014-05-16T00:00:00.000000000'],35.0,[0.],0.0,1.0,222.5458333333333,213.0,216.66629166666687,6.620833333333336,8.3,7.8,5.01215277777778,200.0,200.0,9.721000000000004,23.9,21.0,2.3678305555555483,3.4780597222222176,0.9358500000000012,2.749694444444441,9.407055555555585,3.711383333333332,2.695537499999994,2.4930000000000003,2.785,1.745,1.939,,,-0.863,-1.1055,0.13133333333333333,-0.25266666666666665,0.3786666666666667,0.2853333333333333,0.13133333333333333,-0.25266666666666665,1.6865,1.8355,1.457,1.347,0.5365,0.4905,0.13133333333333333,-0.25266666666666665,1.6865,1.8355,,,0.13133333333333333,-0.25266666666666665,0.69,0.45,0.42,0.6,0.23,0.53,0.4,,0.41,0.76,0.09000000000000011,-1.942890293094024e-15,-1.8457457784393227e-15,-4.631711680858075e-16,4.180683577104104e-15,1.006139616066548e-15,1.6514567491299204e-15,-2.5500435096859064e-16,0.0,-3.8857805861880484e-16,0.050000000000000336,-2.1788126858268693e-15,3.93,3.1499999999999995,3.37,3.810000000000001,2.05,2.36,2.899999999999999,3.01,0.0,3.33,2.91,4.26,0.5365,0.4905,0.6756666666666667,0.6473333333333334,0.5365,0.4905,1.7180000000000002,1.909333333333333,1.6666666666666667,1.7236666666666665,0.6756666666666667,0.6473333333333334,0.3786666666666667,0.2853333333333333,0.6756666666666667,0.6473333333333334,,,0.5365,0.4905,2.2299999999999995,1.4399999999999986,1.2499999999999978,1.7700000000000002,0.669999999999997,1.1999999999999984,0.9899999999999992,,1.0599999999999994,2.109999999999998,0.5768541666666666,0.5437500000000001
2014-06-09,unnamed-2014-06-09,['2014-06-09T00:00:00.000000000'],1.0,[0.],0.0,1.0,194.67782426778243,192.0,205.1962083333336,5.730627615062763,10.7,7.8,5.7105416666666695,180.0,160.0,8.440376569037657,17.0,15.0,1.7298597222222218,2.582409722222247,-0.12825972222222246,0.9481013888888912,6.998708333333334,2.8776472222222083,1.531922222222226,1.726,1.893,0.981,1.112,-0.85,-1.178,-0.7609999999999999,-1.017,-0.64,-0.7909999999999999,1.4685,1.465,,,,,,,,,,,1.5406666666666666,1.5913333333333333,,,,,0.0,0.01,0.09,0.0,0.0,0.0,0.0,,0.04,0.0,0.0,-1.7763568394002505e-15,-1.7763568394002505e-15,-4.579669976578772e-16,4.024558464266193e-15,8.881784197001252e-16,1.7763568394002505e-15,-4.440892098500626e-16,0.0,-4.440892098500626e-16,0.030000000000000693,-1.7763568394002505e-15,0.0,0.01,0.12,0.0,0.0,0.0,0.0,0.0,0.0,0.0,0.07,0.0,-0.64,-0.7909999999999999,1.5406666666666666,1.5913333333333333,,,,,,,,,,,1.5406666666666666,1.5913333333333333,,,,,-3.3133218391157016e-16,0.009999999999998692,0.11999999999999772,2.3592239273284576e-16,-2.898722928357245e-15,-1.6289053439422223e-15,-1.1015494072452723e-15,,0.0399999999999995,-2.0834028946481453e-15,0.336575,0.27562083333333315
2014-06-19,Thunderstorms-2014-06-19,['2014-06-20T00:00:00.000000000'],5.0,[1.],1.0,1.0,201.54375,138.0,176.87768750000004,5.100041666666668,7.25,8.2,5.513326388888893,120.0,185.0,7.648270833333338,18.55,23.05,1.6378847222222177,2.5607277777777937,-0.07399861111111079,1.6489743055555561,6.774347916666697,2.883679861111121,1.5973833333333356,2.044,2.18,1.768,1.934,-0.643,-0.8859999999999999,-0.6659999999999999,-0.82,1.2614999999999998,1.5535,1.2614999999999998,1.5535,1.2614999999999998,1.5535,1.1733333333333336,1.399,1.1733333333333336,1.399,1.1733333333333336,1.399,1.2614999999999998,1.5535,1.1733333333333336,1.399,,,1.1733333333333336,1.399,0.25,0.21,0.54,0.43,0.17,0.99,1.25,,0.66,0.51,-1.1102230246251563e-16,-1.9984014443252818e-15,-1.850949948867253e-15,-4.440892098500626e-16,4.052314039881821e-15,9.298117831235686e-16,1.762479051592436e-15,-4.163336342344337e-16,0.0,-5.551115123125784e-16,0.03000000000000065,-1.6653345369377348e-15,0.48,0.4300000000000001,1.14,0.5800000000000001,0.32000000000000006,1.38,2.0199999999999996,0.33,0.0,0.16,1.2200000000000002,0.91,1.2614999999999998,1.5535,0.7763333333333334,1.1666666666666667,1.0585,1.2975,0.7763333333333334,1.1666666666666667,0.7763333333333334,1.1666666666666667,0.7763333333333334,1.1666666666666667,1.1733333333333336,1.399,0.7763333333333334,1.1666666666666667,,,1.0585,1.2975,0.35999999999999976,0.3699999999999989,1.1299999999999981,0.4900000000000002,0.20999999999999716,1.3099999999999985,1.9199999999999988,,1.1199999999999997,0.8399999999999979,0.5826291666666665,0.58111875
2014-07-03,Arthur-2014-07-03,['2014-07-04T00:00:00.000000000'],8.0,[1.],1.0,1.0,216.27291666666667,263.5,187.44468750000044,8.885666666666669,13.55,13.649999999999999,7.95348611111112,280.0,240.0,13.99058333333333,24.95,26.6,1.4500152777777746,2.3380819444444603,-0.37769027777778025,1.2465631944444402,6.41798402777779,2.7126395833333365,1.3505770833333355,2.08,2.205,1.745,1.926,0.131,-0.095,0.6629999999999999,0.6759999999999999,1.4896666666666667,1.639,1.4896666666666667,1.639,1.4896666666666667,1.639,0.8220000000000001,0.899,0.7905,0.9615,1.715666666666667,1.895,1.739,1.903,0.19033333333333333,0.2396666666666667,,,1.739,1.903,0.16,0.28,0.01,0.33,0.21,0.23,0.25,,0.3,0.24,-6.245004513516506e-17,0.0099999999999981,-1.7763568394002505e-15,-4.3021142204224816e-16,0.09000000000000406,8.604228440844963e-16,0.02000000000000186,-3.538835890992686e-16,0.0,-5.93275428784068e-16,0.0300000000000006,-1.7208456881689926e-15,0.8700000000000003,1.2800000000000005,0.02,1.2800000000000007,1.2699999999999998,1.4,1.15,1.46,0.0,1.03,1.6800000000000002,1.0300000000000002,1.6485,1.89,1.4896666666666667,1.639,1.6485,1.89,0.7905,0.9615,0.7905,0.9615,0.8046666666666668,0.9403333333333334,1.68,1.891,0.8046666666666668,0.9403333333333334,,,1.68,1.891,0.2799999999999997,0.38999999999999896,0.009999999999997858,0.3800000000000002,0.5499999999999972,0.6299999999999982,0.3699999999999988,,0.4599999999999995,0.3799999999999978,0.670795833333333,0.6666604166666665
2014-07-09,Thunderstorms-2014-07-09,['2014-07-09T00:00:00.000000000'],2.0,[0.],0.0,1.0,225.89166666666668,218.0,230.59040277777774,6.774791666666669,12.8,8.9,7.932319444444453,240.0,280.0,10.333041666666668,31.1,36.9,1.3388249999999973,2.2933180555555652,-0.3692819444444443,-8.739999999999856,6.4231111111111305,2.742715277777781,1.2871208333333322,1.3219999999999998,1.388,0.358,0.417,-1.5930000000000002,-1.9295,,,0.7456666666666667,0.3116666666666667,1.0506666666666666,1.154,0.7334999999999999,0.5855,0.9315,1.1385,0.8706666666666667,0.911,1.0506666666666666,1.154,0.8706666666666667,0.911,0.9315,1.1385,,,0.8706666666666667,0.911,0.63,0.5,0.48,0.29,0.39,0.72,0.32,,0.54,0.3,-1.1102230246251563e-16,-1.9984014443252818e-15,-1.7763568394002505e-15,-4.440892098500626e-16,3.996802888650564e-15,8.881784197001252e-16,1.7763568394002505e-15,-4.440892098500626e-16,0.0,-6.661338147750938e-16,0.030000000000000464,-1.7763568394002505e-15,1.2300000000000004,1.6000000000000003,1.76,1.38,1.31,2.1100000000000003,1.2200000000000002,1.35,0.0,1.3,1.7000000000000002,1.4500000000000002,0.802,1.3929999999999998,0.8463333333333334,1.0926666666666665,0.8463333333333334,1.0926666666666665,0.7020000000000001,0.981,0.9536666666666666,1.3626666666666667,0.7020000000000001,0.981,0.9536666666666666,1.3626666666666667,0.7020000000000001,0.981,,,0.8463333333333334,1.0926666666666665,0.7399999999999998,1.019999999999999,1.2799999999999976,0.6600000000000001,0.9099999999999971,1.0699999999999985,0.7699999999999987,,1.0499999999999996,0.6599999999999979,-0.24677499999999986,-0.33012083333333314
2014-07-10,7/10 Thunderstorms-2014-07-10,['2014-07-10T00:00:00.000000000'],39.0,[0.],0.0,1.0,204.5458333333333,222.0,206.12616666666645,3.66354166666667,6.0,6.0,4.203263888888891,250.0,320.0,5.531208333333336,21.0,21.9,1.4141597222222217,2.471580555555566,0.2218069444444446,-8.739999999999856,6.453701388888893,3.1665777777777784,1.4997999999999991,1.673,1.926,0.971,1.165,-1.388,,-1.358,-1.555,-0.8286666666666666,-1.2293333333333332,-0.8286666666666666,-1.2293333333333332,-0.8286666666666666,-1.2293333333333332,-0.7264999999999999,-0.9025,-0.7264999999999999,-0.9025,-0.8286666666666666,-1.2293333333333332,-0.8286666666666666,-1.2293333333333332,-0.7264999999999999,-0.9025,,,-0.8286666666666666,-1.2293333333333332,0.61,0.27,1.27,0.63,0.78,1.26,0.64,,1.35,1.23,1.2300000000000004,1.5999999999999983,1.7599999999999982,1.3799999999999997,1.3100000000000043,2.1100000000000008,1.220000000000002,1.3499999999999996,0.0,1.2999999999999994,1.7200000000000006,1.4499999999999984,1.7000000000000004,1.14,2.479999999999999,1.6300000000000003,1.9300000000000004,3.4999999999999987,2.309999999999999,2.4,0.0,0.83,3.529999999999998,2.6799999999999993,-0.7264999999999999,-0.9025,-0.6253333333333333,-0.6146666666666666,-0.4985000000000001,-0.4295,-0.4985000000000001,-0.4295,-0.4985000000000001,-0.4295,-0.6253333333333333,-0.6146666666666666,-0.7264999999999999,-0.9025,-0.6253333333333333,-0.6146666666666666,,,-0.4985000000000001,-0.4295,1.1399999999999997,0.599999999999999,1.9199999999999973,1.1400000000000003,1.4599999999999973,2.8399999999999985,1.6599999999999986,,3.0,1.9699999999999975,0.022512500000000067,-0.02010416666666636
2014-07-24,unnamed-2014-07-24,['2014-07-24T00:00:00.000000000' '2014-07-26T00:00:00.000000000'],18.0,[0. 2.],2.0,2.0,195.39583333333331,94.5,187.5943819444445,4.868916666666669,7.6,6.5,4.853159722222221,20.0,185.0,7.173125000000002,23.5,27.5,1.6314749999999962,2.654398611111125,-0.12152361111111103,,6.518081944444409,3.1207256944444426,1.6420069444444443,2.106,2.575,1.365,1.598,-0.8170000000000001,-1.063,-0.741,-1.027,1.8723333333333332,1.897333333333333,1.398,1.5105,2.1425,2.326,1.3110000000000002,1.2303333333333333,1.3110000000000002,1.2303333333333333,1.4806666666666668,1.681,2.104,2.104,0.8579999999999999,1.1465,,,2.1425,2.326,0.64,1.2,0.47,0.73,0.72,0.89,0.59,,0.22,0.28,-2.220446049250313e-16,-1.9984014443252818e-15,-1.304512053934559e-15,-6.661338147750938e-16,4.227521110955479e-15,1.340941246930072e-15,1.7850304567801345e-15,-4.440892098500626e-16,0.0,-5.551115123125784e-16,0.01999999999999983,-1.7780915628762273e-15,1.8800000000000003,3.3399999999999985,2.58,3.3400000000000007,1.7500000000000002,2.95,2.92,2.35,0.0,2.33,0.98,1.8800000000000003,2.104,2.104,2.122333333333333,2.5810000000000004,1.398,1.5105,1.4806666666666668,1.681,1.5465,1.806,1.5943333333333332,1.8843333333333332,2.1425,2.326,2.122333333333333,2.5810000000000004,,,2.122333333333333,2.5810000000000004,1.2999999999999996,2.7499999999999987,1.0599999999999974,1.6000000000000003,0.9999999999999972,1.9299999999999988,1.3099999999999985,,0.4599999999999996,0.939999999999998,0.41511875,0.40243750000000006
2014-08-18,AUG 18 2014-2014-08-18,['2014-08-18T00:00:00.000000000'],1.0,[0.],0.0,1.0,203.425,227.0,215.44183333333345,3.4664166666666687,4.5,3.8,2.9921249999999935,300.0,300.0,4.885291666666666,17.0,28.0,1.4872333333333254,2.552993055555564,-0.3707750000000009,,6.58963055555557,3.1102791666666625,1.07382777777778,1.9,2.152,1.342,1.493,-0.482,-0.7190000000000001,-0.63,-0.8270000000000001,1.9895,2.0325,0.336,0.1,1.9895,2.0325,1.9413333333333331,2.111666666666667,1.8895,2.188,1.8895,2.188,1.9895,2.0325,,,,,1.9895,2.0325,0.37,0.67,1.4,0.55,0.51,0.43,0.3,,0.0,0.37,0.2099999999999998,0.3899999999999973,2.799999999999998,0.35999999999999943,0.4100000000000044,0.39000000000000135,0.5400000000000021,0.5199999999999998,0.0,0.559999999999999,0.28999999999999976,0.3399999999999984,0.41,0.7900000000000001,4.72,0.81,0.56,0.8300000000000001,0.63,0.6,0.0,0.8,0.0,0.7,1.8895,2.188,0.8136666666666666,0.606,1.8895,2.188,1.82,2.2070000000000003,1.82,2.2070000000000003,1.82,2.2070000000000003,1.8895,2.188,,,,,1.8895,2.188,0.3999999999999995,0.7699999999999984,4.099999999999997,0.7800000000000005,0.5499999999999974,0.8099999999999987,0.6199999999999983,,-3.452099717193846e-16,0.6699999999999979,0.5564749999999997,0.5449291666666671
2014-09-04,Thunderstorm-2014-09-04,['2014-09-04T00:00:00.000000000'],5.0,[0.],0.0,1.0,189.575,182.0,194.60783333333336,4.216916666666668,5.8,5.1,3.538361111111107,130.0,110.0,5.959749999999998,17.0,17.0,1.025002777777779,2.1805958333333515,-0.4813916666666657,,6.083993055555522,2.69413611111112,0.761562499999994,1.768,1.946,1.27,1.4169999999999998,,,-0.768,-0.974,1.6540000000000001,1.7534999999999998,1.3583333333333334,1.3253333333333333,1.2075,1.1485,1.47,1.4780000000000002,1.2075,1.1485,0.3183333333333333,0.269,1.0473333333333334,0.9123333333333332,,,,,1.2075,1.1485,0.55,0.08,0.43,0.44,0.28,0.19,0.16,,0.0,0.77,-1.6653345369377348e-16,-2.609024107869118e-15,-2.3453461395206428e-15,-6.106226635438361e-16,4.347217030797879e-15,1.5629858518551032e-15,2.026157019940911e-15,-3.2439329000766293e-16,0.0,-1.0755285551056204e-15,-2.220446049250313e-16,-1.7486012637846216e-15,1.91,0.22000000000000006,1.6100000000000003,1.16,1.07,0.6600000000000001,0.8100000000000002,1.89,0.0,0.38,0.0,2.9199999999999995,1.6540000000000001,1.7534999999999998,1.5903333333333334,1.6226666666666667,1.5903333333333334,1.6226666666666667,1.5903333333333334,1.6226666666666667,1.3583333333333334,1.3253333333333333,0.56,0.5720000000000001,1.47,1.4780000000000002,,,,,1.47,1.4780000000000002,1.3799999999999997,0.15999999999999825,0.8699999999999971,1.0300000000000005,0.5999999999999974,0.4399999999999988,0.4199999999999984,,-3.452099717193846e-16,2.109999999999998,0.4685291666666666,0.4551708333333336
2014-09-08,Rainy Monday-2014-09-08,['2014-09-08T00:00:00.000000000' '2014-09-09T00:00:00.000000000'],31.0,[0. 1.],1.0,2.0,82.74103033472804,63.0,81.35229166666667,5.040371861924688,12.850000000000001,14.100000000000001,7.753263888888897,45.0,45.0,8.687821216875879,26.5,27.5,1.2372463492063472,2.8095333333333414,0.8637937499999996,,6.693318055555581,3.2525062500000144,2.126421527777774,3.373,3.671,3.353,3.665,0.03,-0.203,0.008,-0.18,0.897,1.2285,0.0805,0.14300000000000002,0.04466666666666667,0.31266666666666665,0.04466666666666667,0.31266666666666665,0.0445,0.2575,0.052333333333333336,0.18466666666666667,0.1755,0.0955,3.1135,3.087,,,0.0805,0.14300000000000002,0.72,0.58,0.56,0.48,0.37,0.81,1.17,,0.12,0.52,0.009999999999999787,-2.609024107869118e-15,-2.4424906541753444e-15,-6.661338147750938e-16,0.030000000000004468,0.060000000000001615,1.9984014443252818e-15,0.029999999999999805,0.0,0.1299999999999989,-2.220446049250313e-16,0.009999999999998009,5.879999999999998,6.049999999999997,5.479999999999999,5.039999999999999,3.9999999999999987,3.6499999999999986,4.339999999999998,4.77,0.0,3.64,0.22,5.629999999999999,0.7250000000000001,0.9963333333333332,0.04466666666666667,0.31266666666666665,0.04466666666666667,0.31266666666666665,0.10933333333333332,0.26033333333333336,0.10933333333333332,0.26033333333333336,0.0445,0.2575,0.0805,0.14300000000000002,3.276,3.374,,,0.04466666666666667,0.31266666666666665,1.86,1.3099999999999985,1.5599999999999972,1.2100000000000004,1.0699999999999972,1.9699999999999989,2.4099999999999984,,0.21999999999999964,1.699999999999998,1.49004375,1.5186541666666673
2014-09-13,Saturday Storm 9/13-2014-09-13,['2014-09-13T00:00:00.000000000'],3.0,[0.],0.0,1.0,137.97916666666666,28.0,111.54508333333328,3.914083333333333,7.6,8.1,4.355097222222218,20.0,340.0,6.320750000000004,23.0,21.0,1.4553013888888866,3.0931319444444645,0.34502222222222273,,7.060658333333313,3.230497222222216,2.064748611111117,2.47,,2.218,2.5985,-0.246,-0.4315,,,1.3693333333333335,1.636,1.2305,1.5045000000000002,1.2305,1.5045000000000002,1.043,1.3483333333333334,1.043,1.3483333333333334,1.043,1.3483333333333334,1.3693333333333335,1.636,1.043,1.3483333333333334,,,1.2305,1.5045000000000002,0.04,0.17,0.32,0.31,0.16,0.14,0.33,,0.16,0.13,0.0,0.029999999999998025,0.029999999999998025,0.049999999999999815,4.884981308350689e-15,0.030000000000001806,0.030000000000002136,0.009999999999999787,0.0,-1.3322676295501877e-15,0.03999999999999978,0.02999999999999892,0.09,0.2600000000000001,0.73,0.4600000000000001,0.32,0.31000000000000005,0.5900000000000001,0.33,0.0,0.23,0.4000000000000001,0.23000000000000004,1.2305,1.5045000000000002,1.043,1.3483333333333334,1.043,1.3483333333333334,1.043,1.3483333333333334,0.8809999999999999,1.1465,0.8809999999999999,1.1465,1.2305,1.5045000000000002,1.043,1.3483333333333334,,,1.043,1.3483333333333334,0.06999999999999929,0.20999999999999835,0.6499999999999971,0.3400000000000003,0.1599999999999972,0.20999999999999885,0.4899999999999986,,0.24999999999999964,0.15999999999999812,1.0499124999999998,1.1144666666666674
2014-09-24,HEAVY RAIN-2014-09-24,['2014-09-24T00:00:00.000000000'],1.0,[0.],0.0,1.0,50.35,52.0,68.65470833333329,7.2989999999999995,18.1,19.5,11.718402777777795,70.0,60.0,12.695833333333347,25.9,30.0,1.4312347222222197,2.6059944444444474,0.3096749999999997,,6.695534722222189,2.9913347222222386,1.801495833333337,2.8295000000000003,3.0940000000000003,,,-0.449,-0.5770000000000001,0.623,0.433,1.961666666666667,2.08,2.4793333333333334,2.8336666666666663,2.462666666666667,2.5556666666666668,2.3705,2.7625,2.541,2.887,0.7825,0.8614999999999999,2.3705,2.7625,2.4793333333333334,2.8336666666666663,,,2.3705,2.7625,0.11,0.12,0.13,0.16,0.13,0.18,0.14,,0.2,0.16,0.009999999999999995,0.02999999999999807,0.21999999999999806,0.029999999999999832,0.17000000000000492,0.040000000000001784,0.030000000000002112,0.4899999999999998,0.0,-1.3322676295501877e-15,0.1499999999999997,0.07999999999999892,0.49,1.4800000000000006,1.1800000000000004,2.2099999999999995,1.2400000000000002,1.0200000000000005,0.8400000000000003,1.56,0.0,1.02,1.4200000000000008,1.4100000000000006,1.961666666666667,2.08,0.679,0.604,2.1945,2.5655,2.279,2.6773333333333333,2.4793333333333334,2.8336666666666663,0.7033333333333333,0.7140000000000001,2.1945,2.5655,2.1945,2.5655,,,2.1945,2.5655,0.2499999999999993,0.2899999999999983,0.27999999999999703,0.4000000000000004,0.27999999999999725,0.2499999999999988,0.3199999999999986,,0.3899999999999996,0.2999999999999981,1.4036708333333328,1.446779166666667
2014-09-29,unnamed-2014-09-29,['2014-11-01T00:00:00.000000000'],2.0,[33.],33.0,1.0,248.72277661064422,333.5,182.31951388888893,6.054989845938378,10.049999999999999,11.05,6.48234027777777,360.0,325.0,9.590143382352943,21.0,22.45,1.6074152777777746,2.48118194444446,-0.09120000000000107,,6.6161951388889335,2.9855423611111203,1.4960333333333302,3.665,4.032,2.313,2.49,-0.735,-0.883,0.9449999999999998,0.8480000000000001,1.9293333333333331,1.865,3.685333333333334,4.042,2.1015,2.0275,3.517,3.824,0.579,0.387,2.485,2.4095,,,3.4435,3.7615,,,3.685333333333334,4.042,0.0,0.01,0.01,0.01,0.01,0.01,0.02,,0.02,0.01,0.0,0.019999999999998054,0.03999999999999812,0.009999999999999662,4.893654925730573e-15,0.05000000000000186,0.03000000000000215,-1.873501354054952e-16,0.0,-1.3322676295501877e-15,0.04999999999999986,0.019999999999998973,0.0,0.02,0.04,0.02,0.02,0.05,0.09,0.08,0.0,0.01,0.07,0.02,1.9293333333333331,1.865,3.6645,4.027,2.1015,2.0275,3.3463333333333334,3.727,3.3463333333333334,3.727,3.076,2.946,,,3.3463333333333334,3.727,,,3.685333333333334,4.042,-6.626643678231402e-16,0.009999999999998241,0.01999999999999703,0.010000000000000486,0.019999999999997263,0.019999999999998942,0.03999999999999858,,0.02999999999999952,0.009999999999998087,1.25725,1.3277916666666665
2014-11-17,STORM 11/17/14-2014-11-17,['2014-11-17T00:00:00.000000000'],1.0,[0.],0.0,1.0,223.075,216.0,220.64149025069614,7.53079166666667,12.1,11.4,6.912896935933151,190.0,310.0,11.606499999999995,30.0,25.9,1.3122111111111097,2.0714777777777877,-0.646312500000001,,5.82274027777779,2.6530652777777752,0.9135861111111095,1.473,1.6469999999999998,1.053,1.158,-0.564,-0.81,-0.561,-0.8009999999999999,0.9135,0.73,1.0090000000000001,1.1415,0.9135,0.73,1.1516666666666666,1.4216666666666669,0.945,1.165,0.769,0.6103333333333333,0.9135,0.73,1.0515,1.3125,,,0.769,0.6103333333333333,0.18,0.56,0.02,0.11,0.01,0.01,0.01,,0.01,0.03,0.15000000000000008,0.10999999999999804,0.16999999999999815,0.20999999999999966,0.16000000000000492,0.1900000000000019,0.19000000000000225,0.18999999999999986,0.0,0.059999999999998666,0.18999999999999986,0.21999999999999892,0.21,0.94,0.04,0.19,0.02,0.01,0.01,0.01,0.0,0.59,0.03,0.05,0.9135,0.73,0.9743333333333334,1.1373333333333333,0.9263333333333332,0.8660000000000001,1.1516666666666666,1.4216666666666669,0.945,1.165,0.769,0.6103333333333333,0.9135,0.73,1.0515,1.3125,,,0.769,0.6103333333333333,0.20999999999999933,0.9299999999999984,0.029999999999997,0.18000000000000047,0.00999999999999726,0.00999999999999898,0.009999999999998541,,0.009999999999999513,0.02999999999999808,0.3686958333333336,0.34997500000000004
2014-11-23,unnamed-2014-11-23,['2014-12-24T00:00:00.000000000' '2015-01-18T00:00:00.000000000'],4.0,[31. 56.],56.0,2.0,192.29718735471874,189.33333333333334,193.39291203703715,4.951230590423059,9.766666666666667,7.033333333333332,4.3718888888888925,176.66666666666666,166.66666666666666,7.766124941887494,23.733333333333334,19.966666666666665,1.8413023148148107,2.723471296296308,0.19089722222222102,3.508260416666656,6.721231018518519,3.1774291666666734,1.9672402777777744,2.661,2.91,1.942,2.136,-1.791,-2.024,-0.7494999999999999,-0.981,-0.27899999999999997,-0.15950000000000006,-0.4383333333333333,-0.2393333333333333,-0.4383333333333333,-0.2393333333333333,-0.569,-0.3395,-0.569,-0.3395,-0.569,-0.3395,1.3875,1.6555,1.765,1.9835000000000005,,,1.3875,1.6555,0.26,0.27,0.48,0.34,0.25,0.34,0.35,,0.24,0.52,1.03,-1.9984014443252818e-15,-1.8249290967276015e-15,-3.8857805861880484e-16,4.930084118726086e-15,1.89605275924265e-15,2.229119666630197e-15,-1.5785983631388942e-16,0.0,-1.4432899320127035e-15,0.019999999999999823,-1.0408340855860845e-15,2.5700000000000007,2.22,3.0000000000000004,3.23,2.2700000000000005,2.6700000000000004,2.7700000000000005,2.7,0.0,2.4299999999999997,1.9300000000000002,3.41,1.0090000000000001,1.3025,-0.758,-0.477,1.214,1.497,1.5856666666666668,1.8156666666666663,-0.9105,-0.6399999999999999,-0.9105,-0.6399999999999999,1.214,1.497,1.765,1.9835000000000005,,,1.214,1.497,0.7299999999999994,0.7199999999999982,0.7599999999999971,0.8900000000000005,0.4699999999999973,0.7799999999999989,0.6899999999999984,,0.5899999999999996,0.949999999999998,0.02528888888888851,0.018670833333333487
2015-03-02,unnamed-2015-03-02,['2015-04-14T00:00:00.000000000' '2015-06-02T00:00:00.000000000'],10.0,[43. 92.],92.0,2.0,139.90326797385623,166.33333333333334,148.83688888888904,4.084601190476191,9.166666666666666,8.5,5.940907407407408,130.0,113.33333333333333,6.586246615312796,19.366666666666667,24.666666666666668,2.2732013888888845,2.833368055555564,,1.9597347222222243,7.363428240740781,3.331063888888897,2.047030092592594,2.602,2.1755,1.335,1.5319999999999998,-1.043,-1.493,-0.6759999999999999,-1.099,0.064,0.0965,1.2163333333333333,1.369,-0.107,0.018333333333333337,-0.35566666666666663,-0.209,1.2793333333333334,1.5616666666666663,1.16,1.2485,1.3113333333333337,1.4883333333333333,1.25,1.4269999999999998,,,0.4253333333333333,0.466,0.47,1.37,0.67,1.36,0.73,0.28,0.35,,0.78,0.18,0.28999999999999965,0.3299999999999984,0.4699999999999981,0.22999999999999995,0.2700000000000049,0.5900000000000021,0.6100000000000023,0.1499999999999999,0.0,0.05999999999999873,0.4299999999999998,-1.3600232051658168e-15,2.4100000000000006,4.710000000000001,3.4000000000000012,4.51,3.4900000000000007,2.3200000000000007,2.9000000000000004,4.819999999999999,0.0,3.9299999999999997,4.099999999999999,0.9600000000000004,-0.23,-0.01,1.25,1.4269999999999998,-0.23,-0.01,-0.609,-0.5666666666666667,1.1876666666666666,1.4336666666666666,1.283,1.4546666666666666,1.2793333333333334,1.5616666666666663,1.3175,1.473,,,0.064,0.0965,0.9599999999999992,1.6299999999999983,1.179999999999997,1.8200000000000005,1.2499999999999971,0.5799999999999987,1.0799999999999983,,1.88,0.379999999999998,0.05835555555555566,0.03680694444444438
2015-07-02,unnamed-2015-07-02,['2015-07-04T00:00:00.000000000' '2015-07-11T00:00:00.000000000'],7.0,[2. 9.],9.0,2.0,207.82499999999996,193.0,191.33257870370372,5.004861111111113,7.8999999999999995,7.366666666666667,5.981800925925932,173.33333333333334,226.66666666666666,7.392972222222222,22.366666666666664,21.7,1.4666504629629618,3.1142592592592653,-0.4311097222222238,1.6966726851851852,7.364875462962972,3.0710157407407443,2.065602777777777,2.349,2.53,1.709,1.955,-0.679,-0.9840000000000001,-0.86,-1.079,1.1516666666666666,0.82,-0.233,-0.4910000000000001,1.1989999999999998,1.045,-0.3365,-0.6739999999999999,0.136,0.095,-0.014333333333333332,-0.10400000000000001,0.2943333333333333,0.256,-0.233,-0.4910000000000001,,,-0.3365,-0.6739999999999999,0.28,0.3,1.42,0.21,0.51,0.7,0.98,,1.17,0.74,0.0,0.0199999999999989,-2.2204460492503127e-15,-1.4432899320127035e-15,4.662936703425658e-15,1.887379141862766e-15,2.1649348980190553e-15,4.440892098500626e-16,0.0,-1.5543122344752194e-15,0.030000000000000308,-1.2212453270876722e-15,0.8500000000000001,0.73,5.019999999999999,0.78,1.8000000000000003,1.9800000000000004,2.689999999999999,2.64,0.0,0.65,5.299999999999999,2.4899999999999998,1.3363333333333334,1.3186666666666669,-0.014333333333333332,-0.10400000000000001,2.1006666666666667,2.167666666666667,-0.126,-0.29700000000000004,0.2943333333333333,0.256,0.5,0.4625,0.2943333333333333,0.256,-0.014333333333333332,-0.10400000000000001,,,-0.014333333333333332,-0.10400000000000001,0.5299999999999989,0.34999999999999826,4.139999999999997,0.2500000000000001,1.0999999999999968,1.2799999999999987,2.109999999999998,,3.55,1.8699999999999977,0.5220055555555554,0.48934444444444436
2015-07-11,Thunderstorm-2015-07-11,['2015-07-11T00:00:00.000000000'],10.0,[0.],0.0,1.0,133.70833333333334,91.0,138.523861111111,3.5688749999999985,6.7,5.8,4.387375,30.0,70.0,5.403833333333334,21.0,21.9,1.346040277777777,3.2918069444444464,-0.1739930555555558,1.776388888888878,7.201165277777815,3.1830555555555486,2.007898611111112,2.251,2.53,1.5519999999999998,1.7719999999999998,-0.679,-0.9840000000000001,,,1.915,1.814333333333333,-0.233,-0.4910000000000001,1.915,1.814333333333333,-0.3365,-0.6739999999999999,0.136,0.095,-0.014333333333333332,-0.10400000000000001,0.2943333333333333,0.256,-0.233,-0.4910000000000001,,,-0.3365,-0.6739999999999999,0.28,0.06,1.42,0.13,0.51,0.7,0.98,,1.17,0.74,-5.551115123125783e-17,0.029999999999999114,-2.109423746787797e-15,0.009999999999998843,4.635181127810029e-15,1.7208456881689926e-15,2.1788126858268693e-15,0.010000000000000415,0.0,0.039999999999998335,0.030000000000000457,-1.2628786905111154e-15,0.7300000000000001,0.2,4.539999999999999,0.5,1.57,1.6300000000000003,2.589999999999999,2.33,0.0,0.27,4.399999999999999,2.1799999999999997,2.1006666666666667,2.167666666666667,-0.014333333333333332,-0.10400000000000001,2.1006666666666667,2.167666666666667,-0.126,-0.29700000000000004,0.2943333333333333,0.256,0.5,0.4625,0.2943333333333333,0.256,-0.014333333333333332,-0.10400000000000001,,,-0.014333333333333332,-0.10400000000000001,0.5299999999999989,0.17999999999999827,4.139999999999997,0.2500000000000001,1.0999999999999968,1.2799999999999987,2.109999999999998,,3.55,1.8699999999999977,0.7240833333333333,0.7233749999999998
2015-09-02,09/02/15-2015-09-02,['2015-09-02T00:00:00.000000000'],1.0,[0.],0.0,1.0,231.3083333333333,222.0,221.95306938055572,2.8624166666666686,5.8,4.9,3.3577777777777733,150.0,310.0,4.26075,14.1,32.0,2.344856944444444,1.993383333333345,-1.3677041666666634,0.2584986111111107,6.033131944444427,2.355365277777785,0.7029555555555485,2.156,2.356,1.801,1.985,-1.3119999999999998,-1.601,-0.948,-1.25,-0.44533333333333336,-0.6649999999999999,-0.73,-0.81,-0.73,-0.81,-0.73,-0.81,-0.6943333333333334,-0.6146666666666666,-0.6943333333333334,-0.6146666666666666,-0.44533333333333336,-0.6649999999999999,-0.73,-0.81,,,-0.73,-0.81,0.19,0.54,0.47,0.28,0.1,0.19,0.41,,0.27,0.38,0.1199999999999996,0.09999999999999916,0.1799999999999976,0.10999999999999888,0.1000000000000044,0.22000000000000175,0.2300000000000021,0.11000000000000083,0.0,0.14999999999999822,0.19000000000000045,0.1399999999999985,0.36,0.8500000000000001,0.62,0.42,0.14,0.22,0.55,0.22,0.0,0.44,0.51,0.52,-0.6943333333333334,-0.6146666666666666,-0.8235,-0.7745,-0.6943333333333334,-0.6146666666666666,-0.8235,-0.7745,-0.8553333333333333,-0.913,-0.8235,-0.7745,-0.8235,-0.7745,-0.8553333333333333,-0.913,,,-0.6943333333333334,-0.6146666666666666,0.3599999999999992,0.8399999999999984,0.6199999999999967,0.4200000000000005,0.13999999999999674,0.2199999999999986,0.5399999999999984,,0.5000000000000003,0.519999999999998,0.4036416666666669,0.3636874999999999
2015-09-17,unnamed-2015-09-17,['2015-09-23T00:00:00.000000000'],1.0,[6.],6.0,1.0,114.92499999999998,33.0,92.03702777777782,5.102041666666667,10.950000000000001,8.950000000000001,7.897270833333332,50.0,65.0,8.63075,18.6,17.0,2.4480833333333285,1.871422916666671,-1.3374513888888917,0.6852715277777726,5.893468055555584,2.2881111111111174,0.4595548611111089,2.93,3.123,2.5660000000000003,2.707,0.7509999999999999,0.5770000000000001,-0.928,-1.122,,,,,,,,,,,,,,,-0.17600000000000002,-0.14966666666666667,,,,,0.0,0.0,0.0,0.0,0.0,0.0,0.0,0.0,0.01,0.0,-4.440892098500626e-16,0.09999999999999926,-2.4424906541753444e-15,-1.1570605584765305e-15,4.5519144009631426e-15,1.7763568394002505e-15,2.109423746787797e-15,8.881784197001252e-16,0.0,-1.7763568394002505e-15,0.02000000000000024,0.11999999999999846,0.0,0.0,0.0,0.0,0.0,0.0,0.0,0.0,0.0,0.0,0.01,0.0,,,,,,,,,,,,,,,-0.17600000000000002,-0.14966666666666667,,,,,-6.990935608186533e-16,-1.6514567491299204e-15,-3.202299536653186e-15,5.637851296924622e-16,-3.3861802251067274e-15,-1.3808398868775384e-15,-1.592476150946709e-15,0.0,0.010000000000000342,-1.9290125052862095e-15,1.0941062499999996,1.0946395833333338
2015-09-24,Noreaster-2015-09-24,"['2015-09-24T00:00:00.000000000' '2015-09-25T00:00:00.000000000'
 '2015-09-26T00:00:00.000000000' '2015-09-27T00:00:00.000000000']",16.0,[0. 1. 2. 3.],3.0,4.0,65.64687500000001,58.5,4.148030315972162,6.011916666666668,16.775,15.924999999999999,0.7906666666666663,57.5,60.0,11.669104166666669,24.674999999999997,23.725,2.7810902777777695,1.8512104166666767,-1.4603784722222195,0.7850927083333268,5.795473263888898,2.213556597222234,0.3965548611111096,3.673,3.9045,3.678,3.907,0.6559999999999999,0.361,0.758,0.505,0.7415,0.40700000000000003,1.0970000000000002,1.2126666666666666,0.8606666666666666,0.8333333333333334,2.217,2.577666666666667,2.9939999999999998,2.9105,3.3680000000000003,3.407,2.016,2.3575,2.912333333333333,3.103666666666667,1.0970000000000002,1.2126666666666666,0.8075,0.6409999999999999,0.07,0.22,0.03,0.07,0.05,0.05,0.04,0.04,0.03,0.08,0.009999999999999556,0.05999999999999925,0.04999999999999756,-1.1570605584765305e-15,4.5519144009631426e-15,0.020000000000001773,0.07000000000000213,8.881784197001252e-16,0.04,0.039999999999998224,0.010000000000000241,0.009999999999998446,0.5900000000000002,0.8900000000000001,0.5500000000000003,0.6000000000000001,0.3500000000000001,0.5800000000000001,0.6500000000000001,0.43,0.6800000000000002,0.6799999999999999,0.6200000000000002,0.7700000000000001,0.7523333333333332,0.36866666666666653,1.2466666666666664,1.1163333333333334,0.7753333333333332,0.4886666666666668,2.016,2.3575,2.9939999999999998,2.9105,2.842333333333333,2.745,1.481,1.4609999999999999,0.9315,1.032,0.8075,0.6409999999999999,0.8075,0.6409999999999999,0.10999999999999932,0.4399999999999984,0.05999999999999681,0.11000000000000053,0.07999999999999663,0.10999999999999864,0.0799999999999984,0.08999999999999997,0.09000000000000034,0.14999999999999808,1.9220979166666665,1.9291604166666672
2015-09-29,Joaquin-2015-09-29,"['2015-09-30T00:00:00.000000000' '2015-10-01T00:00:00.000000000'
 '2015-10-02T00:00:00.000000000' '2015-10-03T00:00:00.000000000'
 '2015-10-04T00:00:00.000000000' '2015-10-05T00:00:00.000000000']",159.0,[1. 2. 3. 4. 5. 6.],6.0,6.0,92.01785714285714,73.85714285714286,-1.000000000000015e-06,6.983220238095238,18.785714285714285,16.242857142857144,0.0,94.28571428571429,51.42857142857143,13.143892857142855,29.04285714285714,27.985714285714288,3.1635557539682444,2.682014484126996,-0.15847956349206324,3.266070039682537,6.802689880952376,3.0078305555555636,1.7864609126984126,5.151,5.43,4.4689999999999985,4.718,2.8280000000000003,2.71,3.054,3.015,4.052,4.0715,2.1345,2.2765,1.911,2.044,0.333,0.5315,2.6093333333333337,2.9233333333333333,2.2419999999999995,2.424333333333333,2.014333333333333,2.1536666666666666,3.4335,3.266,0.5523333333333333,0.7720000000000001,0.7805,1.0005,0.22,0.26,0.3,0.3,0.17,0.28,0.21,0.25,0.24,0.32,0.5399999999999997,0.8099999999999995,0.4799999999999978,0.5899999999999989,0.3200000000000046,0.5100000000000018,0.5400000000000023,0.3800000000000009,0.6200000000000002,0.5899999999999982,0.5300000000000005,0.6999999999999986,6.130000000000001,5.849999999999999,7.619999999999998,6.469999999999999,4.120000000000001,5.89,6.66,5.26,7.17,6.82,6.819999999999999,7.26,1.8405,1.8655,1.88,1.9476666666666669,1.88,1.9476666666666669,4.052,4.0715,2.458333333333333,2.842333333333333,1.911,2.044,4.052,4.0715,1.88,1.9476666666666669,2.536,2.9035,1.88,1.9476666666666669,0.5199999999999992,0.5899999999999985,0.6999999999999966,0.7500000000000006,0.3699999999999965,0.7599999999999987,0.5399999999999986,0.61,0.5900000000000002,0.7499999999999979,2.3987773809523816,2.439406547619048
2015-10-30,unnamed-2015-10-30,['2015-12-10T00:00:00.000000000'],1.0,[41.],41.0,1.0,173.03125,111.5,158.0379721902778,3.3148125000000017,7.05,6.8,4.813340277777778,275.0,160.0,5.033875000000004,16.0,15.55,3.8052354166666422,1.3973576388888915,-0.6530708333333368,1.6061729166666656,6.88788125000001,2.765796527777786,1.5251597222222282,2.477,2.707,1.716,1.932,-1.04,-1.28,-0.48700000000000004,-0.825,-0.38466666666666666,-0.47600000000000003,-0.5293333333333333,-0.758,-0.4575,-0.5774999999999999,-0.5293333333333333,-0.758,-0.38466666666666666,-0.47600000000000003,-0.38466666666666666,-0.47600000000000003,-0.5293333333333333,-0.758,-0.5293333333333333,-0.758,-0.5295000000000001,-0.7070000000000001,-0.5293333333333333,-0.758,0.01,0.02,0.01,0.01,0.02,0.01,0.01,0.02,0.04,0.07,0.1600000000000001,0.28999999999999937,0.21999999999999706,0.21999999999999936,0.1700000000000044,0.16000000000000114,0.22000000000000264,0.17000000000000162,0.2100000000000002,0.2999999999999994,0.20000000000000004,0.2599999999999989,0.01,0.04,0.02,0.01,0.03,0.05,0.04,0.04,0.03,0.01,0.07,0.08,-0.38466666666666666,-0.47600000000000003,-0.5349999999999999,-0.7859999999999999,-0.4575,-0.5774999999999999,-0.5349999999999999,-0.7859999999999999,-0.4976666666666667,-0.657,-0.4976666666666667,-0.657,-0.5293333333333333,-0.758,-0.5349999999999999,-0.7859999999999999,-0.5293333333333333,-0.758,-0.5349999999999999,-0.7859999999999999,0.009999999999999282,0.03999999999999866,0.0199999999999965,0.010000000000000387,0.029999999999996373,0.029999999999998563,0.02999999999999864,0.02999999999999963,0.060000000000000185,0.07999999999999809,0.6231249999999999,0.576416666666667
2015-12-30,Heavy Rainfall-2015-12-30,['2015-12-30T00:00:00.000000000'],3.0,[0.],0.0,1.0,130.93953488372094,114.0,141.0258472222223,2.9529302325581424,6.9,6.3,4.393097222222218,210.0,200.0,4.397441860465117,21.0,15.0,4.260362499999987,1.4484361111111133,-0.15206666666666574,2.9084222222222165,7.366133333333338,3.288013888888902,1.9383041666666656,2.113,2.346,2.021,2.218,-0.456,-0.607,-0.043,-0.194,1.8455,2.0980000000000003,1.3353333333333337,1.5593333333333332,1.4620000000000002,1.696,1.3353333333333337,1.5593333333333332,1.3353333333333337,1.5593333333333332,1.194,1.396,1.7793333333333334,2.0123333333333338,1.8455,2.0980000000000003,1.194,1.396,1.7793333333333334,2.0123333333333338,0.07,0.07,0.09,0.08,0.08,0.08,0.08,0.09,0.08,0.08,0.21,0.2199999999999993,0.20999999999999716,0.2699999999999993,0.1000000000000044,0.16000000000000106,0.17000000000000245,0.2300000000000019,0.2900000000000001,0.3099999999999996,0.16000000000000025,0.3199999999999987,0.6200000000000001,0.6400000000000001,0.8100000000000003,0.6700000000000002,0.6700000000000002,0.7600000000000002,0.7500000000000002,0.74,0.8000000000000003,0.71,0.7600000000000002,0.7600000000000002,1.3353333333333337,1.5593333333333332,1.0256666666666667,1.2203333333333335,1.0256666666666667,1.2203333333333335,1.0256666666666667,1.2203333333333335,1.0256666666666667,1.2203333333333335,1.194,1.396,1.6880000000000002,1.9175,1.0256666666666667,1.2203333333333335,1.194,1.396,1.0256666666666667,1.2203333333333335,0.2199999999999993,0.2499999999999987,0.29999999999999644,0.2500000000000004,0.2499999999999963,0.2699999999999986,0.24999999999999856,0.26999999999999963,0.2600000000000002,0.2599999999999981,0.7807499999999998,0.7386291666666659
2016-01-15,01/15/2016-2016-01-15,['2016-01-15T00:00:00.000000000'],6.0,[0.],0.0,1.0,176.5787234042553,19.0,156.6594305555553,5.279574468085109,8.7,9.2,6.800055555555557,350.0,360.0,7.799319148936169,23.0,25.1,4.168933333333328,1.3934652777777825,-0.5553305555555577,1.8072888888888932,7.149829166666659,3.1950777777777715,1.8852749999999976,0.768,1.001,0.8759999999999999,1.056,-1.841,-2.06,-1.404,-1.808,-0.4966666666666666,-0.6586666666666666,-0.8036666666666669,-1.18,-0.5790000000000001,-0.955,-0.8036666666666669,-1.18,-0.8036666666666669,-1.18,-1.0859999999999999,-1.409,-0.8036666666666669,-1.18,-0.8036666666666669,-1.18,-0.8036666666666669,-1.18,-0.8036666666666669,-1.18,0.2,0.2,0.33,0.25,0.18,0.11,0.14,0.33,0.19,0.27,-1.3877787807814454e-16,-7.424616477180733e-16,-3.094746681142624e-15,-7.355227538141662e-16,4.3298697960381105e-15,1.1726730697603214e-15,2.5673907444456745e-15,1.8318679906315087e-15,5.551115123125783e-17,-5.20417042793042e-16,0.11000000000000013,-1.3461454173580025e-15,1.0500000000000005,0.9000000000000001,1.2900000000000005,1.2200000000000002,0.8900000000000001,0.62,0.6900000000000002,1.09,1.5500000000000005,1.12,0.98,1.3500000000000003,-0.4966666666666666,-0.6586666666666666,-0.4966666666666666,-0.6586666666666666,-0.4966666666666666,-0.6586666666666666,-0.4966666666666666,-0.6586666666666666,-0.5790000000000001,-0.955,-0.5790000000000001,-0.955,-0.4966666666666666,-0.6586666666666666,-0.4966666666666666,-0.6586666666666666,-0.4966666666666666,-0.6586666666666666,-0.4966666666666666,-0.6586666666666666,0.6499999999999992,0.5699999999999986,0.8999999999999966,0.8000000000000004,0.5799999999999964,0.2899999999999985,0.3699999999999985,1.09,0.5300000000000002,0.9099999999999979,-0.2348875000000002,-0.2849999999999999
2016-01-20,Jan Winter Weather-2016-01-20,['2016-01-22T00:00:00.000000000' '2016-01-23T00:00:00.000000000'],26.0,[2. 3.],3.0,2.0,231.2961494081228,211.33333333333334,173.4265833333333,5.060746819620129,13.199999999999998,14.9,10.762722222222228,250.0,146.66666666666666,9.37605724190283,28.7,33.333333333333336,12.934896296296307,2.2552268518518575,0.27314814814814836,2.880880555555555,8.599682870370405,3.644723611111115,2.8052305555555503,3.8565,4.1205,2.365,2.71,-1.2975,-1.4469999999999998,1.3745,1.516,2.3080000000000003,2.2670000000000003,2.3080000000000003,2.2670000000000003,2.2516666666666665,2.5176666666666665,2.2516666666666665,2.5176666666666665,2.2516666666666665,2.5176666666666665,2.2516666666666665,2.5176666666666665,2.3080000000000003,2.2670000000000003,2.2516666666666665,2.5176666666666665,2.3080000000000003,2.2670000000000003,2.3080000000000003,2.2670000000000003,0.22,0.39,0.22,0.29,0.2,0.29,0.26,0.3,0.27,0.36,0.3899999999999999,0.5299999999999994,0.4999999999999969,0.6199999999999994,0.4200000000000044,0.4300000000000014,0.4800000000000026,0.4900000000000018,0.5800000000000003,0.6199999999999997,0.6200000000000004,0.5599999999999989,1.6500000000000001,2.61,2.4300000000000006,2.6100000000000003,2.26,2.6199999999999997,2.5700000000000003,2.8899999999999997,2.5300000000000002,2.86,2.74,2.6100000000000003,2.2165,2.733,2.2516666666666665,2.5176666666666665,2.2516666666666665,2.5176666666666665,1.9486666666666668,1.999,2.2165,2.733,1.9486666666666668,1.999,2.2516666666666665,2.5176666666666665,1.9486666666666668,1.999,2.2516666666666665,2.5176666666666665,2.2516666666666665,2.5176666666666665,0.4299999999999992,0.6599999999999987,0.6199999999999968,0.6400000000000003,0.5699999999999963,0.7399999999999984,0.6699999999999984,0.5999999999999998,0.6500000000000005,0.6999999999999981,0.6896611111111112,0.7393861111111111
2016-02-01,unnamed-2016-02-01,"['2016-02-04T00:00:00.000000000' '2016-02-05T00:00:00.000000000'
 '2016-02-09T00:00:00.000000000']",5.0,[3. 4. 8.],8.0,3.0,206.52003473362836,301.0,181.86803819444447,7.130754903875804,11.3,12.425,10.293673611111108,157.5,162.5,11.169543965009575,23.475,26.225,5.231429861111101,2.3759229166666747,0.799940972222221,3.272644097222214,10.495799305555558,4.216870138888893,3.4225322916666605,3.579,3.898,3.222,3.553,0.24,-0.023,0.404,0.098,-0.43766666666666665,-0.6223333333333333,-0.3873333333333333,-0.4853333333333333,-0.43766666666666665,-0.6223333333333333,-0.3873333333333333,-0.4853333333333333,-0.4645,-0.6805000000000001,-0.4645,-0.6805000000000001,-0.43766666666666665,-0.6223333333333333,-0.3873333333333333,-0.4853333333333333,-0.4285,-0.584,-0.4285,-0.584,0.13,0.13,0.18,0.11,0.23,0.17,0.17,0.17,0.21,0.12,-2.1510571102112408e-16,-9.020562075079397e-16,-3.2404634531246764e-15,-9.645062526431047e-16,3.996802888650564e-15,9.298117831235686e-16,2.8033131371785203e-15,1.5543122344752194e-15,2.42861286636753e-16,-4.440892098500626e-16,3.8163916471489756e-16,-1.6167622796103842e-15,1.6400000000000003,1.8400000000000007,2.8000000000000007,2.1100000000000003,2.1500000000000004,3.0500000000000003,3.199999999999999,2.5999999999999996,2.880000000000001,1.9000000000000001,2.850000000000001,2.330000000000001,-0.4315,-0.5479999999999999,-0.4645,-0.6805000000000001,-0.4315,-0.5479999999999999,-0.4645,-0.6805000000000001,-0.4645,-0.6805000000000001,-0.4645,-0.6805000000000001,-0.4315,-0.5479999999999999,-0.4645,-0.6805000000000001,-0.4645,-0.6805000000000001,-0.43766666666666665,-0.6223333333333333,0.3199999999999991,0.3099999999999986,0.5699999999999971,0.3300000000000005,0.5599999999999963,0.4399999999999984,0.4099999999999983,0.5499999999999998,0.5800000000000004,0.38999999999999824,0.6799989583333337,0.7074947916666667
2016-02-24,February 24th Storm-2016-02-24,['2016-02-24T00:00:00.000000000'],1.0,[0.],0.0,1.0,,162.0,162.84843055555558,,17.0,12.8,9.647722222222221,190.0,180.0,,40.0,33.1,4.4388638888888865,1.8125666666666744,0.018808333333332684,2.7403763888888912,8.621493055555593,3.9867666666666928,3.028804166666656,2.129,2.3325,,,,,-0.4395,-0.75,-0.44799999999999995,-0.6085,-0.361,-0.4746666666666666,-0.361,-0.4746666666666666,-0.361,-0.4746666666666666,-0.3055,-0.374,-0.3055,-0.374,-0.44799999999999995,-0.6085,-0.361,-0.4746666666666666,-0.361,-0.4746666666666666,-0.361,-0.4746666666666666,0.26,0.53,0.28,0.25,0.22,0.03,0.15,0.27,0.24,0.28,0.19999999999999973,0.14999999999999894,0.2699999999999962,0.2799999999999989,0.2100000000000036,0.22000000000000108,0.2400000000000025,0.2300000000000016,0.2599999999999997,0.17999999999999966,0.26000000000000023,0.21999999999999906,0.8,1.2500000000000002,0.7999999999999999,0.8000000000000002,0.4600000000000001,0.12,0.36000000000000004,0.72,0.8500000000000001,0.88,0.6000000000000001,0.88,-0.4646666666666667,-0.7063333333333334,-0.361,-0.4746666666666666,-0.44799999999999995,-0.6085,-0.361,-0.4746666666666666,-0.3055,-0.374,-0.361,-0.4746666666666666,-0.44799999999999995,-0.6085,-0.361,-0.4746666666666666,-0.361,-0.4746666666666666,-0.44799999999999995,-0.6085,0.6399999999999992,0.9799999999999984,0.5999999999999969,0.5400000000000005,0.3599999999999963,0.05999999999999835,0.24999999999999825,0.6399999999999999,0.4500000000000004,0.6299999999999981,0.8300125000000003,0.7299625000000003
2016-02-25,unnamed-2016-02-25,"['2016-05-05T00:00:00.000000000' '2016-05-06T00:00:00.000000000'
 '2016-05-31T00:00:00.000000000']",8.0,[70. 71. 96.],96.0,3.0,,157.25,156.60526041666665,,9.850000000000001,10.5,10.013454861111112,85.0,167.5,,17.85,19.3,3.890420833333322,1.637222555126007,0.05285694444444423,2.91788368055556,7.246824305555565,3.5186010416666695,2.4380427083333274,3.757,3.95,3.143,3.369,-0.075,-0.302,0.515,0.226,0.5870000000000001,0.3905,0.866,0.8463333333333333,0.5870000000000001,0.3905,0.7414999999999999,0.6775,1.166,1.2170000000000003,1.329,1.4075,0.866,0.8463333333333333,0.7414999999999999,0.6775,1.05,0.8300000000000001,1.0090000000000001,1.0335,0.04,0.09,0.05,0.09,0.09,0.12,0.06,0.04,0.07,0.08,0.9999999999999998,1.3999999999999992,1.069999999999996,1.0799999999999992,0.6700000000000037,0.3400000000000011,0.6000000000000025,0.9500000000000016,1.11,1.0599999999999996,0.8600000000000003,1.099999999999999,0.8000000000000004,1.0800000000000005,0.6900000000000003,1.0800000000000005,0.9500000000000004,0.9000000000000004,0.6300000000000003,1.09,0.7800000000000004,1.1800000000000002,0.8200000000000005,1.0300000000000005,0.5329999999999999,0.2445,0.866,0.8463333333333333,0.5523333333333333,0.301,0.5870000000000001,0.3905,0.866,0.8463333333333333,1.0090000000000001,1.0335,0.7414999999999999,0.6775,0.5870000000000001,0.3905,1.05,0.8300000000000001,0.7414999999999999,0.6775,0.11999999999999915,0.2999999999999985,0.1199999999999968,0.26000000000000045,0.2999999999999962,0.32999999999999835,0.13999999999999807,0.11999999999999995,0.20000000000000048,0.19999999999999787,1.0406093749999996,1.0054458333333336
2016-06-03,Severe Weather - 6/5-2016-06-03,['2016-06-05T00:00:00.000000000'],6.0,[2.],2.0,1.0,,142.5,164.41177777777784,,8.95,8.05,6.554659722222227,170.0,175.0,,21.05,22.6,3.4631874999999868,1.1623645833333334,-0.3891993055555556,2.0970923611111036,5.7148201388889035,3.436181250000021,2.291109027777774,2.644,2.8310000000000004,2.087,2.346,-0.8009999999999999,-1.096,-0.764,-1.089,2.353333333333333,2.488,2.27,2.362,2.178333333333333,2.101666666666667,2.27,2.362,2.359,2.6165000000000003,2.359,2.6165000000000003,2.353333333333333,2.488,2.27,2.362,2.178333333333333,2.101666666666667,2.178333333333333,2.101666666666667,0.43,0.37,0.57,0.59,0.55,0.8,0.47,1.06,0.89,0.61,-4.440892098500626e-16,0.24999999999999925,0.06999999999999618,-8.881784197001252e-16,0.020000000000003796,0.01000000000000112,2.2204460492503127e-15,1.1102230246251563e-15,0.0799999999999994,0.00999999999999912,0.0199999999999998,0.009999999999998788,1.37,1.61,2.12,2.0799999999999996,1.6900000000000002,1.4800000000000002,1.19,2.11,2.37,1.86,2.22,2.349999999999999,2.353333333333333,2.488,2.359,2.6165000000000003,2.359,2.6165000000000003,2.3040000000000003,2.7239999999999998,2.3040000000000003,2.7239999999999998,2.359,2.6165000000000003,2.353333333333333,2.488,2.3040000000000003,2.7239999999999998,2.359,2.6165000000000003,2.359,2.6165000000000003,0.9199999999999989,0.9599999999999984,1.8599999999999968,1.4700000000000004,1.389999999999996,1.269999999999999,0.7499999999999982,2.12,1.6700000000000004,1.8399999999999976,0.6846979166666669,0.6265625
2016-06-10,unnamed-2016-06-10,['2016-07-01T00:00:00.000000000'],2.0,[21.],21.0,1.0,193.64166666666668,107.5,178.68600694444444,4.003625,8.7,7.300000000000001,5.940194444444445,275.0,360.0,7.402791666666667,24.95,19.55,3.411143055555531,2.122857638888899,-0.2162965277777774,1.7543972222222215,5.861645833333349,3.4582000000000095,2.2931020833333275,1.896,1.827,1.555,1.729,-0.974,-1.253,-0.787,-0.951,0.9235,0.5575,1.0806666666666669,0.8693333333333334,0.6746666666666666,0.25466666666666665,1.0806666666666669,0.8693333333333334,1.1545,1.2845,1.1545,1.2845,0.9235,0.5575,1.1545,1.2845,1.0806666666666669,0.8693333333333334,1.0806666666666669,0.8693333333333334,0.21,0.05,0.39,0.28,0.12,0.31,0.53,0.73,0.3,0.48,0.3399999999999997,0.6499999999999991,0.3799999999999964,0.3599999999999989,0.3700000000000037,0.33000000000000124,0.33000000000000235,0.4300000000000013,0.43999999999999934,0.3999999999999991,0.46,0.5299999999999988,0.35000000000000003,0.06000000000000001,0.7100000000000001,0.7400000000000001,0.24,0.7500000000000001,0.9500000000000002,0.21,0.89,0.11,0.5800000000000001,0.5700000000000001,1.0806666666666669,0.8693333333333334,1.1545,1.2845,1.0806666666666669,0.8693333333333334,1.2926666666666666,1.4676666666666665,1.4449999999999998,1.598,1.2926666666666666,1.4676666666666665,1.0806666666666669,0.8693333333333334,1.2926666666666666,1.4676666666666665,1.1545,1.2845,1.1545,1.2845,0.28999999999999915,0.0599999999999986,0.5399999999999969,0.7000000000000006,0.23999999999999602,0.42999999999999866,0.5699999999999983,0.7499999999999997,0.5200000000000005,0.5599999999999979,0.3123749999999998,0.2690062500000001
2016-07-19,Thunderstorm-2016-07-19,['2016-07-19T00:00:00.000000000'],9.0,[0.],0.0,1.0,,341.0,229.30040277777766,,5.8,4.9,4.964888888888892,220.0,330.0,,28.0,29.1,3.0924805555555386,2.3819013888888962,-0.5303388888888908,0.8008680555555514,4.852661111111084,3.1226027777777863,1.6160986111111126,1.45,1.529,1.132,1.3159999999999998,-1.332,-1.555,-1.014,-1.247,1.3594999999999997,1.3485,1.2053333333333334,1.1813333333333331,1.3594999999999997,1.3485,1.2053333333333334,1.1813333333333331,1.2053333333333334,1.1813333333333331,1.2053333333333334,1.1813333333333331,1.0385,0.9595,1.2053333333333334,1.1813333333333331,1.0385,0.9595,1.0385,0.9595,0.41,0.08,0.63,0.02,0.01,0.28,0.13,1.05,0.33,0.95,0.06999999999999967,0.10999999999999903,0.2099999999999963,0.039999999999998766,0.12000000000000373,0.18000000000000094,0.17000000000000193,0.17000000000000134,0.24999999999999895,0.009999999999998723,0.15999999999999953,0.1399999999999989,1.05,0.12,1.36,0.03,0.03,0.45,0.4300000000000001,0.03,2.45,0.07,0.6900000000000001,1.46,1.3594999999999997,1.3485,1.2859999999999998,1.4096666666666666,1.2859999999999998,1.4096666666666666,1.2859999999999998,1.4096666666666666,1.2859999999999998,1.4096666666666666,1.2859999999999998,1.4096666666666666,1.3594999999999997,1.3485,1.2859999999999998,1.4096666666666666,1.3594999999999997,1.3485,1.2859999999999998,1.4096666666666666,1.0299999999999991,0.11999999999999858,1.329999999999997,0.030000000000000644,0.02999999999999595,0.4399999999999988,0.3999999999999981,2.3199999999999994,0.6700000000000006,1.429999999999998,0.03140416666666642,-0.029516666666666462
2016-07-20,unnamed-2016-07-20,['2016-07-20T00:00:00.000000000'],1.0,[0.],0.0,1.0,,64.0,128.94572222222243,,5.1,4.7,4.901999999999999,50.0,70.0,,14.1,15.0,3.1176180555555426,2.3500763888889016,-0.4286833333333325,1.1336500000000016,4.8203430555555205,3.2124597222222118,1.6090416666666698,1.804,1.998,1.3090000000000002,1.476,-1.152,,-1.168,-1.4240000000000002,-0.7659999999999999,-0.8385,1.1603333333333332,1.2696666666666665,,,,,,,-1.147333333333333,-1.4623333333333333,,,0.602,0.955,,,-1.147333333333333,-1.4623333333333333,0.0,0.01,0.01,0.0,0.0,0.0,0.01,0.0,0.01,0.01,1.0899999999999996,0.15999999999999906,1.5399999999999965,0.04999999999999875,0.13000000000000372,0.600000000000001,0.5700000000000021,0.07000000000000134,2.669999999999999,0.06999999999999874,0.8199999999999996,1.5399999999999987,0.0,0.01,0.01,0.0,0.0,0.0,0.01,0.0,0.0,0.0,0.01,0.01,-0.7659999999999999,-0.8385,1.1603333333333332,1.2696666666666665,,,,,,,-1.147333333333333,-1.4623333333333333,,,0.602,0.955,,,-1.147333333333333,-1.4623333333333333,-8.153200337090991e-16,0.00999999999999857,0.00999999999999697,6.435824095873954e-16,-4.055783486833775e-15,-1.2819606487468604e-15,0.00999999999999815,-6.48786580015326e-16,0.01000000000000062,0.009999999999998009,0.1844666666666666,0.13451250000000006
2016-07-25,Bernie (Training)-2016-07-25,['2016-07-25T00:00:00.000000000'],2.0,[0.],0.0,1.0,,219.0,231.13365277777768,,12.5,8.5,8.253319444444436,210.0,220.0,,19.9,16.1,3.1499152777777635,2.247512500000016,-0.6089097222222267,0.7998819444444372,4.662184722222247,3.0609527777777874,1.4114944444444442,1.808,2.041,1.722,1.929,-1.102,-1.4069999999999998,-0.823,-1.175,,,,,,,,,,,,,,,,,,,,,0.0,0.0,0.0,0.0,0.0,0.0,0.0,0.0,0.0,0.0,-4.440892098500626e-16,-9.62771529167128e-16,-3.9881292712706795e-15,-1.2455314557513475e-15,3.733124920302089e-15,9.43689570931383e-16,1.89605275924265e-15,1.3392065234540949e-15,-8.881784197001252e-16,-1.2628786905111154e-15,-4.354155924701786e-16,-1.3235940121703038e-15,0.0,0.0,0.0,0.0,0.0,0.0,0.0,0.0,0.0,0.0,0.0,0.0,,,,,,,,,,,,,,,,,,,,,-8.153200337090991e-16,-1.429412144204889e-15,-3.0305619125314824e-15,6.435824095873954e-16,-4.055783486833775e-15,-1.2819606487468604e-15,-1.850949948867253e-15,-6.48786580015326e-16,6.192962809237201e-16,-1.9897278269453977e-15,0.3766041666666665,0.3304416666666667
2016-07-30,Thunderstorm-2016-07-30,['2016-07-30T00:00:00.000000000'],4.0,[0.],0.0,1.0,,149.0,172.44411111111117,,5.4,4.9,3.4177499999999945,200.0,260.0,,16.1,18.1,3.0048263888888767,2.1415194444444534,-0.6934805555555613,0.8166319444444409,4.541688888888918,2.9560402777777783,1.8502361111111092,2.014,2.133,1.742,1.942,-0.784,-1.063,-0.568,-0.906,0.07200000000000001,-0.2855,0.3705,0.2725,-0.442,-0.7756666666666666,-0.442,-0.7756666666666666,1.338666666666667,1.3090000000000002,1.1789999999999998,1.1305,0.20766666666666667,-0.02066666666666667,0.3705,0.2725,0.20766666666666667,-0.02066666666666667,0.20766666666666667,-0.02066666666666667,0.98,0.55,0.38,0.32,0.06,0.09,0.43,1.1,0.21,0.56,-4.440892098500626e-16,0.01999999999999904,-3.9881292712706795e-15,-1.2455314557513475e-15,3.733124920302089e-15,9.43689570931383e-16,0.020000000000001898,1.3392065234540949e-15,-8.881784197001252e-16,-1.2628786905111154e-15,-4.354155924701786e-16,-1.3235940121703038e-15,2.649999999999999,1.15,1.7600000000000002,1.36,0.3900000000000001,0.5800000000000001,1.8600000000000003,0.57,2.08,1.38,0.9000000000000002,1.5900000000000003,0.3705,0.2725,0.7989999999999999,0.6380000000000001,-0.12033333333333332,-0.4666666666666666,-0.12033333333333332,-0.4666666666666666,1.338666666666667,1.3090000000000002,1.4865,1.432,0.20766666666666667,-0.02066666666666667,0.7989999999999999,0.6380000000000001,0.5633333333333334,0.43200000000000005,0.5633333333333334,0.43200000000000005,2.2399999999999998,1.0499999999999985,1.389999999999997,0.8800000000000007,0.14999999999999594,0.2799999999999987,1.109999999999998,1.7899999999999996,0.5600000000000005,1.209999999999998,0.6774791666666663,0.6308583333333331
2016-07-31,Thunderstorm-2016-07-31,['2016-07-31T00:00:00.000000000'],8.0,[0.],0.0,1.0,,180.0,206.0499722222223,,6.9,5.8,4.924861111111112,90.0,330.0,,25.9,47.0,3.064990277777752,2.250333333333342,-0.26831388888888885,1.5652111111111089,4.729112499999988,3.1284374999999978,2.3259097222222263,1.821,2.211,1.759,2.047,-0.958,-1.25,-0.65,-0.909,1.894,1.969666666666667,1.8419999999999999,1.8075,1.8419999999999999,1.8075,1.7355,2.2590000000000003,1.8419999999999999,1.8075,1.6776666666666664,1.5943333333333334,1.8419999999999999,1.8075,1.8419999999999999,1.8075,1.0573333333333332,1.1813333333333331,1.8419999999999999,1.8075,0.29,0.76,0.24,0.8,1.18,0.48,0.31,0.13,0.79,0.84,2.6499999999999986,1.1699999999999993,1.7599999999999962,1.3599999999999988,0.39000000000000384,0.580000000000001,1.880000000000002,0.5700000000000013,2.079999999999999,1.3799999999999986,0.8999999999999998,1.5899999999999992,1.06,2.25,1.01,3.43,7.52,1.66,1.03,6.98,0.6200000000000001,2.59,3.97,2.4599999999999995,1.7486666666666666,2.2136666666666667,1.883,2.0765,1.7486666666666666,2.2136666666666667,1.7355,2.2590000000000003,1.894,1.969666666666667,1.894,1.969666666666667,1.883,2.0765,1.894,1.969666666666667,1.883,2.0765,1.883,2.0765,0.7999999999999995,2.0599999999999987,0.6499999999999971,2.4700000000000006,3.3799999999999963,1.249999999999999,0.7099999999999981,0.3199999999999996,2.330000000000001,2.099999999999998,0.5384749999999997,0.4952541666666666
2016-09-02,HERMINE-2016-09-02,['2016-09-03T00:00:00.000000000' '2016-09-04T00:00:00.000000000'],40.0,[1. 2.],2.0,2.0,,37.666666666666664,57.3232962962963,,19.033333333333335,17.966666666666665,15.025800925925923,40.0,43.333333333333336,,33.333333333333336,29.3,2.6242583333333154,2.163633796296303,0.18090092592592624,1.935667129629631,5.059894907407411,3.4263717592592706,1.9612097222222202,4.3260000000000005,5.085,3.402,3.632,1.6369999999999998,1.568,2.487,2.405,1.7073333333333334,1.6786666666666668,1.624,1.6375000000000002,2.383,2.3766666666666665,1.646,1.5639999999999998,2.0516666666666667,2.072333333333333,2.0516666666666667,2.072333333333333,2.6095,2.484,1.5945,1.6045,1.646,1.5639999999999998,1.7240000000000002,1.5684999999999998,0.33,0.1,0.28,0.18,0.2,0.4,0.35,0.25,0.31,0.21,0.050000000000000065,0.2599999999999989,0.6899999999999958,0.4499999999999984,0.4600000000000029,0.3800000000000015,0.970000000000002,0.25000000000000044,0.039999999999999335,0.3899999999999991,0.2999999999999985,0.13999999999999954,2.969999999999997,2.2800000000000002,3.849999999999997,2.7299999999999973,2.6399999999999983,4.039999999999998,4.749999999999996,2.68,3.7499999999999956,2.63,4.179999999999998,3.269999999999996,1.5913333333333333,1.6186666666666667,1.646,1.5639999999999998,2.6095,2.484,1.646,1.5639999999999998,2.0516666666666667,2.072333333333333,2.1820000000000004,2.2165,2.6095,2.484,1.646,1.5639999999999998,1.646,1.5639999999999998,1.7240000000000002,1.5684999999999998,0.5499999999999994,0.32999999999999874,0.869999999999997,0.4500000000000005,0.4899999999999968,0.999999999999999,1.0499999999999978,0.8299999999999997,0.9200000000000016,0.5399999999999976,2.131431944444444,2.1577680555555556
2016-09-19,HEAVY RAIN-2016-09-19,['2016-09-19T00:00:00.000000000'],11.0,[0.],0.0,1.0,,135.0,140.46154166666676,,8.7,6.3,5.37123611111111,200.0,360.0,,23.9,18.1,2.9024680555555444,2.114645833333343,-0.047865277777777,1.6092374999999928,4.919359722222233,3.3393361111111,1.8089736111111092,2.352,2.539,,,-1.155,-1.4240000000000002,-0.35100000000000003,-0.5539999999999999,0.125,0.021,0.23066666666666666,0.151,0.125,0.021,-0.3366666666666667,-0.3356666666666667,-0.364,-0.24100000000000002,-0.3365,-0.0985,0.23066666666666666,0.151,0.341,0.333,0.23066666666666666,0.151,0.23066666666666666,0.151,0.57,0.93,0.7,0.69,0.45,0.96,0.73,0.75,0.83,0.82,2.220446049250313e-16,-1.3322676295501877e-15,-3.996802888650564e-15,-1.8041124150158798e-15,3.1086244689504387e-15,1.7763568394002505e-15,0.02000000000000266,4.440892098500626e-16,-6.661338147750938e-16,-8.881784197001252e-16,0.009999999999998224,-4.440892098500626e-16,1.5800000000000003,2.6499999999999986,3.4899999999999998,2.9899999999999998,2.6399999999999992,4.049999999999999,4.88,3.04,2.78,2.81,3.779999999999998,3.609999999999999,-0.105,-0.07433333333333335,0.04066666666666666,-0.009666666666666669,0.013,0.003,0.04066666666666666,-0.009666666666666669,0.125,0.021,0.23066666666666666,0.151,0.013,0.003,0.04066666666666666,-0.009666666666666669,0.013,0.003,0.013,0.003,0.7599999999999992,1.5999999999999988,1.8599999999999968,1.8000000000000005,1.269999999999997,1.729999999999999,1.7299999999999982,1.3199999999999998,2.1900000000000013,1.9099999999999977,0.6823583333333333,0.6504416666666661
2016-09-20,unnamed-2016-09-20,"['2016-09-21T00:00:00.000000000' '2016-09-22T00:00:00.000000000'
 '2016-10-01T00:00:00.000000000' '2016-10-05T00:00:00.000000000']",101.0,[ 1.  2. 11. 15.],15.0,4.0,,73.6,92.36958888888884,,12.940000000000001,11.419999999999998,10.595841666666665,68.0,112.0,,21.78,20.96,3.453237777777774,3.7205388888888904,1.1814641666666645,3.2460305555555458,8.170336111111094,4.56504555555556,3.247779166666657,3.422,3.73,2.802,3.091,1.129,1.01,1.243,1.119,0.11,0.1395,1.367,1.8656666666666664,0.9055,1.165,1.367,1.8656666666666664,1.5419999999999998,2.0015,1.5419999999999998,2.0015,1.0553333333333332,1.5573333333333337,1.367,1.8656666666666664,1.1975,1.7254999999999998,1.1975,1.7254999999999998,0.46,0.17,0.45,0.2,0.22,0.37,0.43,0.5,0.46,0.6,1.5800000000000003,2.649999999999997,3.4899999999999958,2.989999999999997,2.6400000000000023,4.050000000000002,4.900000000000002,3.0400000000000005,2.7799999999999985,2.8099999999999987,3.789999999999996,3.609999999999999,6.439999999999998,6.389999999999995,7.349999999999996,6.419999999999996,6.519999999999994,8.249999999999995,9.359999999999994,6.87,7.689999999999994,6.529999999999999,7.429999999999994,7.3799999999999955,0.3955,0.6985,1.1975,1.7254999999999998,0.8390000000000001,1.1856666666666666,1.367,1.8656666666666664,1.367,1.8656666666666664,1.367,1.8656666666666664,0.8390000000000001,1.1856666666666666,1.1975,1.7254999999999998,0.9465,1.378,0.9465,1.378,1.2999999999999992,0.5299999999999985,1.179999999999997,0.6400000000000003,0.5899999999999971,0.9999999999999992,1.3199999999999985,1.4699999999999998,1.1800000000000015,1.0999999999999976,1.477915833333333,1.5802516666666662
2016-10-05,Hurricane Matthew-2016-10-05,"['2016-10-05T00:00:00.000000000' '2016-10-08T00:00:00.000000000'
 '2016-10-09T00:00:00.000000000' '2016-10-10T00:00:00.000000000'
 '2016-10-11T00:00:00.000000000' '2016-10-12T00:00:00.000000000'
 '2016-10-13T00:00:00.000000000']",111.0,[0. 3. 4. 5. 6. 7. 8.],8.0,7.0,,63.142857142857146,97.76028174603175,,14.22857142857143,13.014285714285714,10.762311507936506,77.14285714285714,72.85714285714286,,26.314285714285713,26.142857142857142,4.7022853174603245,4.424165674603176,1.3882749999999981,2.4294424668927688,10.060115674603145,4.793016071428576,3.662414880952363,4.373,5.033,3.179,3.596,1.129,1.2009999999999998,2.5980000000000003,3.031,2.685,3.055333333333333,2.5855,3.12,2.5855,3.12,2.5855,3.12,2.6203333333333334,3.093666666666666,2.6203333333333334,3.093666666666666,2.6950000000000003,3.035,2.394,3.1186666666666665,2.5855,3.12,2.328333333333333,3.2273333333333336,0.41,0.6,0.49,0.44,0.52,0.68,0.52,0.51,0.52,0.49,1.5543122344752194e-15,0.029999999999997917,0.099999999999996,0.13999999999999668,0.040000000000002985,0.0700000000000012,0.08000000000000099,0.06000000000000023,0.1899999999999979,0.1699999999999979,0.2600000000000004,0.4899999999999991,9.260000000000002,10.18,11.369999999999996,10.279999999999998,8.95,12.839999999999996,12.779999999999998,9.24,11.879999999999995,10.08,11.969999999999995,5.8400000000000025,2.607333333333333,3.1016666666666666,2.2245,3.197,2.5735,3.164,2.5735,3.164,2.505333333333333,3.2513333333333336,2.362,3.084,2.607333333333333,3.1016666666666666,2.362,3.084,2.482666666666667,3.1476666666666664,2.4605,3.3395,1.2199999999999993,1.5999999999999983,1.319999999999997,1.29,1.209999999999997,1.6499999999999992,1.4799999999999982,1.43,1.5000000000000016,1.1499999999999977,1.6958244047619047,1.8553107142857148
